4665.jpg,Industrial
7946.jpg,Forest
4221.jpg,Industrial
1405.jpg,Pasture
1133.jpg,River
5936.jpg,SeaLake
5060.jpg,River
5171.jpg,SeaLake
3788.jpg,Residential
7552.jpg,Highway
1046.jpg,PermanentCrop
5813.jpg,Industrial
1861.jpg,River
3055.jpg,Industrial
8773.jpg,Industrial
9283.jpg,HerbaceousVegetation
3606.jpg,Residential
8868.jpg,AnnualCrop
6304.jpg,PermanentCrop
6936.jpg,Highway
2591.jpg,Industrial
98.jpg,HerbaceousVegetation
1590.jpg,HerbaceousVegetation
6830.jpg,PermanentCrop
6801.jpg,PermanentCrop
4643.jpg,Highway
4858.jpg,Residential
1692.jpg,HerbaceousVegetation
7531.jpg,Industrial
215.jpg,Forest
1049.jpg,AnnualCrop
1825.jpg,Pasture
5089.jpg,Highway
3290.jpg,Industrial
9625.jpg,SeaLake
5829.jpg,Pasture
3914.jpg,SeaLake
9823.jpg,Pasture
6683.jpg,SeaLake
2819.jpg,AnnualCrop
5688.jpg,HerbaceousVegetation
4426.jpg,HerbaceousVegetation
7784.jpg,Residential
7767.jpg,River
1803.jpg,Industrial
315.jpg,HerbaceousVegetation
2867.jpg,AnnualCrop
6000.jpg,SeaLake
424.jpg,PermanentCrop
8338.jpg,SeaLake
6603.jpg,Residential
1219.jpg,Highway
590.jpg,AnnualCrop
1156.jpg,Pasture
6499.jpg,Residential
2721.jpg,PermanentCrop
1840.jpg,Highway
811.jpg,Pasture
4489.jpg,SeaLake
9621.jpg,Industrial
5603.jpg,PermanentCrop
9025.jpg,Highway
5943.jpg,Highway
5955.jpg,Pasture
149.jpg,River
6328.jpg,SeaLake
8625.jpg,Industrial
757.jpg,HerbaceousVegetation
4091.jpg,Highway
6461.jpg,PermanentCrop
2832.jpg,Pasture
7766.jpg,HerbaceousVegetation
2191.jpg,AnnualCrop
1106.jpg,Pasture
6945.jpg,SeaLake
785.jpg,PermanentCrop
9564.jpg,HerbaceousVegetation
2074.jpg,Forest
8824.jpg,Forest
9640.jpg,PermanentCrop
313.jpg,Forest
8756.jpg,Forest
3927.jpg,HerbaceousVegetation
2327.jpg,River
6348.jpg,HerbaceousVegetation
3050.jpg,Residential
8621.jpg,PermanentCrop
1368.jpg,HerbaceousVegetation
3431.jpg,Pasture
992.jpg,Highway
447.jpg,Pasture
7606.jpg,SeaLake
6986.jpg,Highway
3735.jpg,PermanentCrop
9270.jpg,AnnualCrop
8951.jpg,Forest
3134.jpg,Highway
5652.jpg,Pasture
1479.jpg,Forest
9572.jpg,AnnualCrop
1453.jpg,Residential
7157.jpg,PermanentCrop
889.jpg,Pasture
3921.jpg,SeaLake
907.jpg,PermanentCrop
4893.jpg,HerbaceousVegetation
2457.jpg,Forest
521.jpg,Forest
324.jpg,SeaLake
356.jpg,AnnualCrop
1962.jpg,Residential
7375.jpg,Residential
6569.jpg,Residential
8236.jpg,Forest
5841.jpg,Residential
1101.jpg,River
8114.jpg,Pasture
1546.jpg,Pasture
8946.jpg,Residential
3892.jpg,Industrial
3491.jpg,Forest
9813.jpg,HerbaceousVegetation
880.jpg,Residential
6733.jpg,SeaLake
3771.jpg,AnnualCrop
7785.jpg,Forest
9609.jpg,AnnualCrop
5463.jpg,Industrial
5320.jpg,AnnualCrop
6563.jpg,Forest
1420.jpg,Forest
3591.jpg,HerbaceousVegetation
4843.jpg,Residential
9679.jpg,Highway
8217.jpg,AnnualCrop
5944.jpg,Residential
4560.jpg,SeaLake
828.jpg,AnnualCrop
1672.jpg,Industrial
3640.jpg,HerbaceousVegetation
3229.jpg,Residential
843.jpg,PermanentCrop
6805.jpg,PermanentCrop
7786.jpg,River
4837.jpg,PermanentCrop
9453.jpg,HerbaceousVegetation
2871.jpg,AnnualCrop
5587.jpg,SeaLake
8570.jpg,Highway
2396.jpg,Pasture
8532.jpg,SeaLake
5474.jpg,Industrial
1618.jpg,Residential
7705.jpg,HerbaceousVegetation
2408.jpg,River
7601.jpg,Industrial
5193.jpg,Forest
7662.jpg,Highway
3540.jpg,PermanentCrop
8940.jpg,Highway
4634.jpg,River
1490.jpg,Industrial
1579.jpg,Pasture
931.jpg,PermanentCrop
7576.jpg,HerbaceousVegetation
2512.jpg,HerbaceousVegetation
209.jpg,Forest
7716.jpg,River
3038.jpg,River
6979.jpg,Forest
2979.jpg,PermanentCrop
9229.jpg,Highway
3551.jpg,HerbaceousVegetation
8785.jpg,SeaLake
3333.jpg,Industrial
3355.jpg,Forest
3051.jpg,Residential
3327.jpg,Residential
2069.jpg,River
4168.jpg,Highway
2635.jpg,SeaLake
7197.jpg,Highway
2697.jpg,HerbaceousVegetation
6079.jpg,Highway
4738.jpg,PermanentCrop
3218.jpg,PermanentCrop
8813.jpg,AnnualCrop
5427.jpg,AnnualCrop
3854.jpg,PermanentCrop
1162.jpg,AnnualCrop
3904.jpg,River
9081.jpg,HerbaceousVegetation
8521.jpg,Residential
496.jpg,Highway
9692.jpg,PermanentCrop
3188.jpg,AnnualCrop
7401.jpg,Residential
5706.jpg,HerbaceousVegetation
9991.jpg,SeaLake
9753.jpg,River
3936.jpg,HerbaceousVegetation
9282.jpg,Industrial
9738.jpg,River
2500.jpg,Forest
7774.jpg,Highway
3737.jpg,Highway
6310.jpg,HerbaceousVegetation
2567.jpg,SeaLake
4977.jpg,AnnualCrop
180.jpg,Forest
9596.jpg,Pasture
9622.jpg,Highway
7026.jpg,Forest
6650.jpg,Highway
6758.jpg,Residential
1566.jpg,PermanentCrop
9728.jpg,Highway
7631.jpg,Residential
9367.jpg,Residential
6585.jpg,PermanentCrop
1569.jpg,HerbaceousVegetation
5020.jpg,Pasture
32.jpg,Highway
1445.jpg,PermanentCrop
2136.jpg,AnnualCrop
8551.jpg,AnnualCrop
902.jpg,Forest
4076.jpg,PermanentCrop
4568.jpg,Pasture
4212.jpg,River
6671.jpg,HerbaceousVegetation
1308.jpg,HerbaceousVegetation
8705.jpg,Residential
245.jpg,HerbaceousVegetation
6806.jpg,SeaLake
8766.jpg,Industrial
6074.jpg,Forest
7268.jpg,River
6726.jpg,SeaLake
7306.jpg,Pasture
9522.jpg,SeaLake
2803.jpg,AnnualCrop
7385.jpg,Pasture
3886.jpg,River
2763.jpg,Residential
5929.jpg,HerbaceousVegetation
2193.jpg,HerbaceousVegetation
4688.jpg,Forest
9902.jpg,HerbaceousVegetation
2971.jpg,Residential
5406.jpg,Residential
917.jpg,PermanentCrop
6025.jpg,SeaLake
8306.jpg,Forest
5305.jpg,PermanentCrop
7173.jpg,Highway
9600.jpg,Forest
6145.jpg,PermanentCrop
3179.jpg,Residential
9442.jpg,SeaLake
4824.jpg,Industrial
5206.jpg,Residential
2387.jpg,Pasture
9664.jpg,Highway
7627.jpg,Industrial
2211.jpg,Forest
8132.jpg,Forest
191.jpg,Pasture
7938.jpg,AnnualCrop
3820.jpg,HerbaceousVegetation
4594.jpg,Residential
9159.jpg,PermanentCrop
2021.jpg,AnnualCrop
2966.jpg,AnnualCrop
9575.jpg,AnnualCrop
4312.jpg,Pasture
1487.jpg,River
7741.jpg,HerbaceousVegetation
7814.jpg,AnnualCrop
4070.jpg,Industrial
5945.jpg,Residential
5727.jpg,HerbaceousVegetation
9039.jpg,Forest
5248.jpg,Highway
963.jpg,Industrial
4599.jpg,Pasture
4542.jpg,HerbaceousVegetation
3406.jpg,AnnualCrop
129.jpg,PermanentCrop
1335.jpg,HerbaceousVegetation
8976.jpg,River
5663.jpg,River
9618.jpg,SeaLake
7372.jpg,AnnualCrop
935.jpg,Forest
1149.jpg,Industrial
3013.jpg,Pasture
5321.jpg,Highway
1337.jpg,AnnualCrop
5402.jpg,River
9630.jpg,HerbaceousVegetation
3205.jpg,River
5333.jpg,SeaLake
8272.jpg,Highway
9987.jpg,HerbaceousVegetation
5116.jpg,Residential
9281.jpg,Pasture
3861.jpg,Highway
7826.jpg,Highway
8357.jpg,HerbaceousVegetation
866.jpg,Forest
1536.jpg,AnnualCrop
2800.jpg,River
7199.jpg,Residential
7555.jpg,Industrial
2.jpg,Residential
7667.jpg,Residential
4446.jpg,Residential
2965.jpg,PermanentCrop
4293.jpg,Highway
5784.jpg,Residential
768.jpg,SeaLake
1186.jpg,Forest
7997.jpg,River
6942.jpg,Pasture
247.jpg,SeaLake
7466.jpg,HerbaceousVegetation
9461.jpg,PermanentCrop
3812.jpg,HerbaceousVegetation
5259.jpg,Forest
2456.jpg,PermanentCrop
1500.jpg,PermanentCrop
1094.jpg,River
3880.jpg,Highway
1800.jpg,HerbaceousVegetation
7155.jpg,AnnualCrop
699.jpg,AnnualCrop
5316.jpg,AnnualCrop
733.jpg,Industrial
2602.jpg,River
5438.jpg,AnnualCrop
6266.jpg,HerbaceousVegetation
2056.jpg,HerbaceousVegetation
7053.jpg,AnnualCrop
5255.jpg,AnnualCrop
7327.jpg,PermanentCrop
1273.jpg,SeaLake
4678.jpg,Highway
2091.jpg,River
2164.jpg,HerbaceousVegetation
9044.jpg,HerbaceousVegetation
3519.jpg,Highway
6480.jpg,Industrial
337.jpg,River
1008.jpg,HerbaceousVegetation
5073.jpg,Industrial
6882.jpg,Pasture
1844.jpg,AnnualCrop
29.jpg,Residential
5712.jpg,Industrial
4310.jpg,Residential
5484.jpg,HerbaceousVegetation
5257.jpg,Forest
5407.jpg,River
9996.jpg,HerbaceousVegetation
351.jpg,River
7454.jpg,HerbaceousVegetation
8270.jpg,SeaLake
4418.jpg,River
8293.jpg,SeaLake
2806.jpg,Residential
8171.jpg,Pasture
3022.jpg,Pasture
1154.jpg,AnnualCrop
8063.jpg,River
4297.jpg,HerbaceousVegetation
9103.jpg,HerbaceousVegetation
4121.jpg,PermanentCrop
3242.jpg,Highway
3056.jpg,PermanentCrop
1122.jpg,HerbaceousVegetation
9776.jpg,SeaLake
3860.jpg,SeaLake
8199.jpg,River
8842.jpg,Pasture
76.jpg,HerbaceousVegetation
2257.jpg,Highway
4017.jpg,SeaLake
580.jpg,Industrial
2863.jpg,SeaLake
9007.jpg,River
6238.jpg,Forest
1762.jpg,HerbaceousVegetation
530.jpg,HerbaceousVegetation
8638.jpg,HerbaceousVegetation
3690.jpg,Forest
6519.jpg,River
5986.jpg,Highway
9480.jpg,Industrial
6332.jpg,Pasture
185.jpg,HerbaceousVegetation
1080.jpg,SeaLake
7646.jpg,Forest
8141.jpg,Forest
2411.jpg,Pasture
1193.jpg,SeaLake
7671.jpg,SeaLake
199.jpg,River
7648.jpg,Forest
8788.jpg,Highway
12.jpg,HerbaceousVegetation
5066.jpg,HerbaceousVegetation
6212.jpg,River
2988.jpg,Industrial
9023.jpg,Pasture
3873.jpg,River
1646.jpg,Pasture
1499.jpg,SeaLake
7968.jpg,Residential
4449.jpg,Highway
3765.jpg,HerbaceousVegetation
43.jpg,Highway
742.jpg,SeaLake
3065.jpg,SeaLake
7742.jpg,HerbaceousVegetation
2929.jpg,AnnualCrop
8040.jpg,Residential
9219.jpg,Residential
6587.jpg,Industrial
4534.jpg,Residential
7004.jpg,HerbaceousVegetation
2478.jpg,HerbaceousVegetation
7691.jpg,SeaLake
5112.jpg,Forest
4341.jpg,SeaLake
2578.jpg,HerbaceousVegetation
1246.jpg,HerbaceousVegetation
5011.jpg,HerbaceousVegetation
2277.jpg,River
4708.jpg,Industrial
4049.jpg,SeaLake
3890.jpg,Pasture
8334.jpg,HerbaceousVegetation
3127.jpg,Highway
9784.jpg,River
8400.jpg,Forest
36.jpg,Highway
5766.jpg,AnnualCrop
2266.jpg,Industrial
7614.jpg,HerbaceousVegetation
7582.jpg,AnnualCrop
8557.jpg,AnnualCrop
1344.jpg,Forest
9940.jpg,Pasture
7129.jpg,Pasture
6555.jpg,Highway
8343.jpg,HerbaceousVegetation
3020.jpg,PermanentCrop
9591.jpg,Highway
9148.jpg,SeaLake
3745.jpg,River
7645.jpg,Forest
3014.jpg,Highway
4365.jpg,SeaLake
5201.jpg,Pasture
9723.jpg,Forest
2807.jpg,River
258.jpg,River
6784.jpg,HerbaceousVegetation
3265.jpg,Residential
3378.jpg,Industrial
4328.jpg,Residential
266.jpg,Highway
7066.jpg,Residential
2027.jpg,Forest
5764.jpg,Industrial
3769.jpg,AnnualCrop
3830.jpg,Pasture
4682.jpg,Residential
2095.jpg,River
9036.jpg,HerbaceousVegetation
86.jpg,SeaLake
3028.jpg,HerbaceousVegetation
1619.jpg,Forest
8310.jpg,Pasture
1351.jpg,Highway
9031.jpg,PermanentCrop
6697.jpg,SeaLake
7468.jpg,Highway
3310.jpg,Residential
7345.jpg,HerbaceousVegetation
2274.jpg,PermanentCrop
3793.jpg,Industrial
8880.jpg,PermanentCrop
9432.jpg,HerbaceousVegetation
397.jpg,Forest
1693.jpg,Pasture
3272.jpg,SeaLake
2716.jpg,AnnualCrop
5432.jpg,HerbaceousVegetation
7378.jpg,Industrial
9434.jpg,AnnualCrop
5702.jpg,AnnualCrop
2200.jpg,Highway
3168.jpg,HerbaceousVegetation
7724.jpg,SeaLake
5572.jpg,Residential
2413.jpg,HerbaceousVegetation
8495.jpg,Forest
7332.jpg,PermanentCrop
8966.jpg,River
6833.jpg,HerbaceousVegetation
4025.jpg,SeaLake
3125.jpg,Highway
6163.jpg,Highway
6233.jpg,HerbaceousVegetation
8933.jpg,Residential
3146.jpg,HerbaceousVegetation
4716.jpg,River
4861.jpg,Highway
7769.jpg,Highway
1846.jpg,PermanentCrop
6744.jpg,HerbaceousVegetation
2798.jpg,HerbaceousVegetation
7111.jpg,Forest
487.jpg,PermanentCrop
3641.jpg,Pasture
7030.jpg,Highway
4745.jpg,Pasture
7203.jpg,SeaLake
5732.jpg,HerbaceousVegetation
5729.jpg,Highway
8480.jpg,PermanentCrop
784.jpg,PermanentCrop
6224.jpg,River
6389.jpg,River
7174.jpg,Pasture
6277.jpg,Highway
6383.jpg,PermanentCrop
874.jpg,Pasture
4575.jpg,PermanentCrop
625.jpg,AnnualCrop
2383.jpg,Industrial
5205.jpg,HerbaceousVegetation
6770.jpg,Industrial
2935.jpg,River
4398.jpg,River
6334.jpg,SeaLake
5167.jpg,Residential
7355.jpg,AnnualCrop
3103.jpg,Pasture
650.jpg,PermanentCrop
267.jpg,Residential
9909.jpg,Forest
1433.jpg,Industrial
4938.jpg,PermanentCrop
8686.jpg,PermanentCrop
47.jpg,HerbaceousVegetation
5817.jpg,Residential
4865.jpg,Residential
2300.jpg,Forest
7878.jpg,Forest
1412.jpg,SeaLake
361.jpg,Residential
6136.jpg,Pasture
177.jpg,AnnualCrop
8797.jpg,AnnualCrop
7622.jpg,Forest
7955.jpg,HerbaceousVegetation
4680.jpg,PermanentCrop
144.jpg,Highway
341.jpg,AnnualCrop
1303.jpg,Residential
3369.jpg,Pasture
5384.jpg,AnnualCrop
4619.jpg,PermanentCrop
7794.jpg,Residential
3339.jpg,PermanentCrop
3024.jpg,PermanentCrop
7764.jpg,Pasture
4904.jpg,PermanentCrop
9077.jpg,River
9309.jpg,Residential
3350.jpg,Pasture
6834.jpg,HerbaceousVegetation
9425.jpg,Residential
5741.jpg,HerbaceousVegetation
8406.jpg,Residential
5142.jpg,Highway
6414.jpg,River
4030.jpg,HerbaceousVegetation
2781.jpg,AnnualCrop
3195.jpg,Forest
2753.jpg,River
8169.jpg,River
5215.jpg,Industrial
4761.jpg,Industrial
5293.jpg,Industrial
7572.jpg,AnnualCrop
8680.jpg,SeaLake
4729.jpg,PermanentCrop
8961.jpg,Industrial
3499.jpg,Pasture
4197.jpg,HerbaceousVegetation
6031.jpg,Forest
5893.jpg,Residential
1531.jpg,Forest
3088.jpg,Forest
6987.jpg,HerbaceousVegetation
1451.jpg,Forest
9550.jpg,HerbaceousVegetation
5728.jpg,HerbaceousVegetation
8440.jpg,HerbaceousVegetation
4596.jpg,Forest
7052.jpg,AnnualCrop
2700.jpg,AnnualCrop
5756.jpg,PermanentCrop
9947.jpg,Industrial
7474.jpg,HerbaceousVegetation
3947.jpg,PermanentCrop
9535.jpg,SeaLake
6703.jpg,Pasture
5139.jpg,HerbaceousVegetation
3628.jpg,SeaLake
3619.jpg,River
4416.jpg,Highway
1876.jpg,AnnualCrop
8366.jpg,Industrial
7678.jpg,River
5744.jpg,AnnualCrop
6320.jpg,Industrial
8681.jpg,Pasture
101.jpg,Highway
6143.jpg,Industrial
1605.jpg,Forest
5862.jpg,HerbaceousVegetation
3054.jpg,River
5483.jpg,Forest
5863.jpg,Residential
8360.jpg,SeaLake
8578.jpg,Highway
2878.jpg,HerbaceousVegetation
8553.jpg,Highway
9985.jpg,Highway
2828.jpg,HerbaceousVegetation
4853.jpg,Residential
3082.jpg,AnnualCrop
949.jpg,River
4275.jpg,SeaLake
9410.jpg,HerbaceousVegetation
5709.jpg,PermanentCrop
1350.jpg,Industrial
7569.jpg,Industrial
2696.jpg,Highway
8760.jpg,SeaLake
9973.jpg,PermanentCrop
1760.jpg,Forest
6505.jpg,Residential
2039.jpg,Pasture
952.jpg,Residential
4172.jpg,Highway
5660.jpg,Forest
1375.jpg,AnnualCrop
5086.jpg,Industrial
6968.jpg,HerbaceousVegetation
1836.jpg,River
4441.jpg,Highway
3092.jpg,River
7672.jpg,River
2515.jpg,PermanentCrop
1261.jpg,AnnualCrop
4757.jpg,Pasture
8587.jpg,Residential
5101.jpg,SeaLake
8170.jpg,Pasture
2464.jpg,Industrial
4898.jpg,Highway
7965.jpg,AnnualCrop
6802.jpg,HerbaceousVegetation
7447.jpg,Pasture
7270.jpg,HerbaceousVegetation
3805.jpg,SeaLake
9950.jpg,Forest
3303.jpg,River
9237.jpg,PermanentCrop
6482.jpg,SeaLake
3940.jpg,AnnualCrop
6732.jpg,River
2876.jpg,HerbaceousVegetation
1330.jpg,Residential
703.jpg,River
4994.jpg,HerbaceousVegetation
6060.jpg,Pasture
6261.jpg,Highway
6524.jpg,Residential
9984.jpg,SeaLake
9968.jpg,AnnualCrop
8321.jpg,SeaLake
8875.jpg,River
5120.jpg,Forest
6390.jpg,HerbaceousVegetation
8729.jpg,Forest
2090.jpg,HerbaceousVegetation
5383.jpg,HerbaceousVegetation
7706.jpg,Residential
5750.jpg,SeaLake
4730.jpg,Residential
255.jpg,AnnualCrop
1144.jpg,SeaLake
9597.jpg,Residential
8374.jpg,PermanentCrop
5823.jpg,Forest
7967.jpg,River
6293.jpg,Industrial
5353.jpg,River
7870.jpg,Forest
7782.jpg,River
6620.jpg,Pasture
8888.jpg,AnnualCrop
9172.jpg,Pasture
5310.jpg,SeaLake
9355.jpg,PermanentCrop
9429.jpg,HerbaceousVegetation
6548.jpg,SeaLake
5403.jpg,PermanentCrop
5525.jpg,PermanentCrop
7156.jpg,Highway
9451.jpg,AnnualCrop
1863.jpg,HerbaceousVegetation
1153.jpg,SeaLake
8432.jpg,Forest
9773.jpg,River
1931.jpg,HerbaceousVegetation
6192.jpg,AnnualCrop
2150.jpg,Residential
6065.jpg,HerbaceousVegetation
1275.jpg,Forest
3522.jpg,Pasture
2433.jpg,Industrial
3627.jpg,PermanentCrop
7537.jpg,Industrial
5983.jpg,Industrial
537.jpg,HerbaceousVegetation
3148.jpg,AnnualCrop
6549.jpg,HerbaceousVegetation
8541.jpg,AnnualCrop
8005.jpg,River
9302.jpg,Forest
4685.jpg,HerbaceousVegetation
5472.jpg,Pasture
2568.jpg,PermanentCrop
826.jpg,Forest
1543.jpg,Residential
5532.jpg,Industrial
2239.jpg,Residential
1757.jpg,Highway
6349.jpg,HerbaceousVegetation
1678.jpg,SeaLake
5418.jpg,Highway
1397.jpg,Industrial
1266.jpg,AnnualCrop
8256.jpg,River
3360.jpg,River
4304.jpg,HerbaceousVegetation
658.jpg,River
4584.jpg,PermanentCrop
5452.jpg,Forest
6846.jpg,Forest
3909.jpg,Industrial
4916.jpg,Pasture
1075.jpg,AnnualCrop
1097.jpg,SeaLake
6075.jpg,Residential
4875.jpg,SeaLake
9508.jpg,AnnualCrop
7318.jpg,Forest
6795.jpg,HerbaceousVegetation
7464.jpg,Highway
1784.jpg,Pasture
1724.jpg,SeaLake
6405.jpg,SeaLake
4287.jpg,HerbaceousVegetation
3201.jpg,Industrial
4863.jpg,SeaLake
6919.jpg,AnnualCrop
3588.jpg,River
3534.jpg,AnnualCrop
2040.jpg,AnnualCrop
9758.jpg,Residential
1148.jpg,AnnualCrop
7139.jpg,Industrial
6326.jpg,Highway
1670.jpg,Residential
8611.jpg,Residential
2460.jpg,SeaLake
5666.jpg,River
1173.jpg,River
2250.jpg,HerbaceousVegetation
749.jpg,River
5614.jpg,Residential
3995.jpg,PermanentCrop
4807.jpg,SeaLake
2744.jpg,Residential
495.jpg,Industrial
4878.jpg,Forest
7027.jpg,HerbaceousVegetation
1606.jpg,Industrial
5754.jpg,River
7924.jpg,Pasture
228.jpg,Industrial
4461.jpg,Industrial
9658.jpg,Industrial
7190.jpg,HerbaceousVegetation
5568.jpg,Residential
3657.jpg,HerbaceousVegetation
7398.jpg,PermanentCrop
1438.jpg,Industrial
9275.jpg,HerbaceousVegetation
9806.jpg,AnnualCrop
9245.jpg,River
8517.jpg,SeaLake
5304.jpg,Industrial
6745.jpg,Industrial
3399.jpg,PermanentCrop
7415.jpg,Highway
2111.jpg,AnnualCrop
2984.jpg,Pasture
6374.jpg,SeaLake
7492.jpg,Industrial
5529.jpg,Pasture
7580.jpg,AnnualCrop
2271.jpg,Residential
6964.jpg,River
814.jpg,Residential
5300.jpg,AnnualCrop
6963.jpg,HerbaceousVegetation
2019.jpg,PermanentCrop
9611.jpg,PermanentCrop
8269.jpg,SeaLake
2996.jpg,Pasture
320.jpg,SeaLake
6209.jpg,Pasture
5022.jpg,AnnualCrop
2843.jpg,PermanentCrop
557.jpg,PermanentCrop
5878.jpg,Residential
1135.jpg,HerbaceousVegetation
5548.jpg,PermanentCrop
5109.jpg,Industrial
7815.jpg,HerbaceousVegetation
1787.jpg,HerbaceousVegetation
6517.jpg,Forest
2169.jpg,Forest
9953.jpg,Industrial
8775.jpg,River
9709.jpg,Highway
3256.jpg,HerbaceousVegetation
5895.jpg,Forest
3742.jpg,Forest
4907.jpg,Forest
9518.jpg,Pasture
5115.jpg,PermanentCrop
2590.jpg,HerbaceousVegetation
6352.jpg,SeaLake
1596.jpg,AnnualCrop
1522.jpg,HerbaceousVegetation
7202.jpg,River
4409.jpg,SeaLake
1941.jpg,HerbaceousVegetation
3785.jpg,Highway
8325.jpg,River
4450.jpg,River
7689.jpg,SeaLake
8466.jpg,AnnualCrop
1695.jpg,PermanentCrop
5842.jpg,AnnualCrop
2785.jpg,HerbaceousVegetation
8159.jpg,Industrial
53.jpg,Industrial
8574.jpg,Residential
288.jpg,Residential
7280.jpg,Residential
5348.jpg,HerbaceousVegetation
4460.jpg,Highway
4790.jpg,Forest
6123.jpg,Forest
5671.jpg,PermanentCrop
3374.jpg,Industrial
3968.jpg,PermanentCrop
492.jpg,PermanentCrop
6625.jpg,Pasture
7854.jpg,Pasture
7145.jpg,Industrial
5395.jpg,Pasture
7038.jpg,HerbaceousVegetation
9881.jpg,Residential
456.jpg,River
794.jpg,Pasture
9736.jpg,HerbaceousVegetation
9197.jpg,HerbaceousVegetation
4611.jpg,PermanentCrop
413.jpg,HerbaceousVegetation
3306.jpg,River
3911.jpg,HerbaceousVegetation
9972.jpg,HerbaceousVegetation
9321.jpg,Highway
1391.jpg,HerbaceousVegetation
7578.jpg,River
6826.jpg,PermanentCrop
1834.jpg,Highway
8422.jpg,PermanentCrop
7051.jpg,Highway
6381.jpg,HerbaceousVegetation
1390.jpg,HerbaceousVegetation
3180.jpg,PermanentCrop
9783.jpg,HerbaceousVegetation
166.jpg,PermanentCrop
1739.jpg,SeaLake
9583.jpg,Pasture
3492.jpg,Residential
9344.jpg,Highway
9715.jpg,SeaLake
5883.jpg,Industrial
146.jpg,Pasture
8908.jpg,SeaLake
3469.jpg,Industrial
7465.jpg,HerbaceousVegetation
1248.jpg,Forest
1722.jpg,Industrial
1132.jpg,Residential
3883.jpg,SeaLake
3284.jpg,AnnualCrop
2601.jpg,PermanentCrop
9739.jpg,Pasture
1184.jpg,River
7186.jpg,River
2764.jpg,SeaLake
5332.jpg,HerbaceousVegetation
3667.jpg,River
6269.jpg,SeaLake
4917.jpg,Highway
5094.jpg,Pasture
1112.jpg,SeaLake
8778.jpg,Pasture
9544.jpg,Highway
7090.jpg,Forest
6188.jpg,SeaLake
9861.jpg,Residential
3396.jpg,HerbaceousVegetation
8454.jpg,Highway
8113.jpg,Highway
3005.jpg,Forest
9139.jpg,Forest
6709.jpg,HerbaceousVegetation
332.jpg,River
5923.jpg,Highway
9026.jpg,River
5707.jpg,HerbaceousVegetation
3559.jpg,Forest
928.jpg,HerbaceousVegetation
5546.jpg,PermanentCrop
5636.jpg,Industrial
1223.jpg,Highway
824.jpg,AnnualCrop
5195.jpg,Forest
7894.jpg,Residential
3447.jpg,SeaLake
85.jpg,Forest
6308.jpg,SeaLake
5162.jpg,SeaLake
3294.jpg,Residential
5879.jpg,Pasture
7765.jpg,SeaLake
4309.jpg,Industrial
799.jpg,SeaLake
8074.jpg,Industrial
3755.jpg,AnnualCrop
4153.jpg,Residential
3457.jpg,PermanentCrop
6291.jpg,Forest
8391.jpg,Forest
9326.jpg,AnnualCrop
2817.jpg,SeaLake
2102.jpg,HerbaceousVegetation
3923.jpg,Pasture
3314.jpg,Forest
3476.jpg,AnnualCrop
5071.jpg,Highway
3838.jpg,Industrial
9857.jpg,Forest
3073.jpg,River
5872.jpg,Residential
4864.jpg,River
9650.jpg,AnnualCrop
2347.jpg,SeaLake
6321.jpg,Industrial
1790.jpg,Industrial
1087.jpg,River
3553.jpg,Pasture
3950.jpg,AnnualCrop
4979.jpg,Residential
3539.jpg,Pasture
2521.jpg,Highway
7500.jpg,SeaLake
9705.jpg,AnnualCrop
3068.jpg,Pasture
335.jpg,SeaLake
6388.jpg,Residential
559.jpg,River
1150.jpg,Forest
8143.jpg,Forest
3508.jpg,HerbaceousVegetation
1441.jpg,AnnualCrop
3260.jpg,Industrial
8781.jpg,HerbaceousVegetation
4709.jpg,SeaLake
6042.jpg,Highway
3856.jpg,AnnualCrop
1668.jpg,Industrial
6819.jpg,Forest
3101.jpg,AnnualCrop
9514.jpg,PermanentCrop
8555.jpg,River
9584.jpg,Highway
8795.jpg,Pasture
3375.jpg,Highway
5763.jpg,HerbaceousVegetation
2317.jpg,HerbaceousVegetation
2714.jpg,River
9888.jpg,PermanentCrop
6876.jpg,Highway
636.jpg,Forest
5098.jpg,HerbaceousVegetation
1886.jpg,Forest
4394.jpg,Forest
4318.jpg,River
7986.jpg,Forest
3166.jpg,Pasture
6985.jpg,Forest
3524.jpg,PermanentCrop
653.jpg,Highway
5045.jpg,River
5113.jpg,Forest
3516.jpg,Industrial
615.jpg,Highway
6558.jpg,Pasture
2353.jpg,HerbaceousVegetation
6432.jpg,HerbaceousVegetation
4238.jpg,PermanentCrop
6462.jpg,Forest
4331.jpg,SeaLake
6664.jpg,PermanentCrop
7162.jpg,HerbaceousVegetation
502.jpg,Forest
7250.jpg,SeaLake
6706.jpg,HerbaceousVegetation
7400.jpg,Pasture
862.jpg,AnnualCrop
3017.jpg,HerbaceousVegetation
774.jpg,SeaLake
2801.jpg,Forest
3784.jpg,Highway
25.jpg,River
1001.jpg,HerbaceousVegetation
3223.jpg,Residential
5054.jpg,HerbaceousVegetation
7094.jpg,Industrial
6477.jpg,HerbaceousVegetation
8835.jpg,Residential
9463.jpg,HerbaceousVegetation
3410.jpg,Residential
8546.jpg,Pasture
2016.jpg,Pasture
5.jpg,AnnualCrop
8219.jpg,SeaLake
5722.jpg,Highway
3925.jpg,Industrial
8906.jpg,Residential
8864.jpg,AnnualCrop
4664.jpg,River
4806.jpg,Residential
4355.jpg,SeaLake
1812.jpg,Forest
3273.jpg,HerbaceousVegetation
8558.jpg,Forest
3359.jpg,Highway
1235.jpg,Industrial
5857.jpg,Residential
940.jpg,River
3521.jpg,Residential
4846.jpg,HerbaceousVegetation
5560.jpg,HerbaceousVegetation
1096.jpg,Forest
4889.jpg,Forest
7344.jpg,Highway
5681.jpg,River
8730.jpg,Industrial
691.jpg,Residential
7871.jpg,Highway
9199.jpg,AnnualCrop
9827.jpg,Pasture
1142.jpg,PermanentCrop
9875.jpg,HerbaceousVegetation
6474.jpg,SeaLake
9699.jpg,Pasture
9423.jpg,HerbaceousVegetation
2393.jpg,Pasture
5465.jpg,HerbaceousVegetation
2463.jpg,Residential
3513.jpg,Highway
3191.jpg,HerbaceousVegetation
1002.jpg,Residential
1898.jpg,HerbaceousVegetation
9825.jpg,AnnualCrop
8855.jpg,HerbaceousVegetation
9734.jpg,HerbaceousVegetation
7438.jpg,AnnualCrop
9383.jpg,PermanentCrop
5004.jpg,Highway
3865.jpg,Pasture
8078.jpg,Pasture
9391.jpg,Industrial
2573.jpg,AnnualCrop
6196.jpg,Industrial
6839.jpg,River
4373.jpg,PermanentCrop
1820.jpg,HerbaceousVegetation
5710.jpg,HerbaceousVegetation
3160.jpg,Industrial
1731.jpg,SeaLake
1411.jpg,PermanentCrop
4616.jpg,Residential
3749.jpg,River
5848.jpg,Pasture
5189.jpg,HerbaceousVegetation
4744.jpg,HerbaceousVegetation
8333.jpg,Residential
3782.jpg,Highway
6393.jpg,Forest
514.jpg,PermanentCrop
9368.jpg,PermanentCrop
2388.jpg,Pasture
536.jpg,Highway
8367.jpg,Industrial
3714.jpg,HerbaceousVegetation
4825.jpg,River
4208.jpg,Highway
8397.jpg,Industrial
2509.jpg,Highway
3594.jpg,Highway
5442.jpg,HerbaceousVegetation
7091.jpg,HerbaceousVegetation
9138.jpg,Industrial
128.jpg,SeaLake
9793.jpg,River
3809.jpg,HerbaceousVegetation
6690.jpg,SeaLake
657.jpg,Residential
2219.jpg,Industrial
5283.jpg,Residential
2121.jpg,Industrial
8375.jpg,SeaLake
3746.jpg,SeaLake
127.jpg,Pasture
7424.jpg,Residential
8666.jpg,Forest
7920.jpg,Pasture
586.jpg,Pasture
4485.jpg,Highway
8444.jpg,HerbaceousVegetation
3920.jpg,Residential
9706.jpg,HerbaceousVegetation
8278.jpg,Industrial
5585.jpg,Residential
5679.jpg,Residential
279.jpg,River
2489.jpg,Residential
7516.jpg,AnnualCrop
7547.jpg,HerbaceousVegetation
7102.jpg,Residential
930.jpg,Pasture
9147.jpg,River
1461.jpg,Industrial
285.jpg,AnnualCrop
1419.jpg,PermanentCrop
1119.jpg,Forest
4038.jpg,SeaLake
7633.jpg,SeaLake
5968.jpg,HerbaceousVegetation
7610.jpg,HerbaceousVegetation
7679.jpg,SeaLake
5731.jpg,Highway
7232.jpg,PermanentCrop
4018.jpg,Forest
2305.jpg,AnnualCrop
5990.jpg,PermanentCrop
3302.jpg,River
4136.jpg,SeaLake
1440.jpg,Highway
5013.jpg,PermanentCrop
6366.jpg,Pasture
5225.jpg,Industrial
1361.jpg,River
5651.jpg,HerbaceousVegetation
3930.jpg,Forest
4184.jpg,Pasture
4532.jpg,River
4986.jpg,River
7636.jpg,HerbaceousVegetation
8355.jpg,HerbaceousVegetation
9808.jpg,Forest
2315.jpg,AnnualCrop
1711.jpg,Residential
5352.jpg,AnnualCrop
7278.jpg,Highway
308.jpg,AnnualCrop
1903.jpg,Highway
3407.jpg,Forest
4499.jpg,River
4610.jpg,HerbaceousVegetation
3743.jpg,Industrial
7184.jpg,Forest
2133.jpg,Industrial
4204.jpg,Residential
6305.jpg,SeaLake
1081.jpg,Pasture
1110.jpg,Industrial
4089.jpg,HerbaceousVegetation
1404.jpg,Highway
5767.jpg,Forest
347.jpg,HerbaceousVegetation
3718.jpg,AnnualCrop
5053.jpg,Residential
3971.jpg,Highway
8120.jpg,Pasture
5632.jpg,AnnualCrop
9536.jpg,HerbaceousVegetation
7853.jpg,HerbaceousVegetation
8232.jpg,Residential
4862.jpg,Pasture
4544.jpg,River
5896.jpg,Pasture
4563.jpg,Forest
1710.jpg,Residential
9898.jpg,HerbaceousVegetation
5899.jpg,Pasture
3694.jpg,Highway
3580.jpg,Industrial
8712.jpg,Highway
8129.jpg,SeaLake
9702.jpg,Residential
696.jpg,SeaLake
2044.jpg,Pasture
8037.jpg,HerbaceousVegetation
5924.jpg,Industrial
3881.jpg,HerbaceousVegetation
1452.jpg,HerbaceousVegetation
891.jpg,Highway
6312.jpg,Residential
910.jpg,Highway
6052.jpg,PermanentCrop
7359.jpg,AnnualCrop
8770.jpg,Pasture
8786.jpg,Pasture
2409.jpg,Pasture
3527.jpg,PermanentCrop
7950.jpg,AnnualCrop
3074.jpg,Forest
6230.jpg,Highway
9995.jpg,Pasture
4764.jpg,PermanentCrop
3672.jpg,Industrial
8873.jpg,Highway
1532.jpg,SeaLake
414.jpg,River
7892.jpg,SeaLake
1766.jpg,SeaLake
5136.jpg,PermanentCrop
2894.jpg,Pasture
4555.jpg,HerbaceousVegetation
1090.jpg,River
4562.jpg,HerbaceousVegetation
7849.jpg,Pasture
7801.jpg,SeaLake
4065.jpg,Pasture
4521.jpg,Residential
6301.jpg,HerbaceousVegetation
6126.jpg,Highway
235.jpg,Pasture
7827.jpg,Forest
9779.jpg,Forest
4788.jpg,River
1823.jpg,PermanentCrop
9790.jpg,Industrial
7304.jpg,PermanentCrop
5689.jpg,Forest
9291.jpg,Pasture
4232.jpg,Forest
9185.jpg,Industrial
7099.jpg,SeaLake
4021.jpg,Highway
3954.jpg,HerbaceousVegetation
6420.jpg,Forest
4362.jpg,Residential
4442.jpg,PermanentCrop
8279.jpg,SeaLake
2783.jpg,River
3964.jpg,Residential
9277.jpg,PermanentCrop
2978.jpg,Pasture
541.jpg,River
2777.jpg,River
9100.jpg,River
6700.jpg,SeaLake
9216.jpg,Industrial
890.jpg,HerbaceousVegetation
336.jpg,HerbaceousVegetation
4315.jpg,Residential
7577.jpg,River
8486.jpg,Industrial
6296.jpg,AnnualCrop
4316.jpg,SeaLake
9932.jpg,HerbaceousVegetation
1701.jpg,Forest
7630.jpg,Industrial
7797.jpg,PermanentCrop
5344.jpg,Residential
9633.jpg,Residential
5685.jpg,AnnualCrop
7164.jpg,Pasture
2525.jpg,Highway
4942.jpg,Forest
6273.jpg,Industrial
3380.jpg,SeaLake
7979.jpg,HerbaceousVegetation
5381.jpg,Industrial
6689.jpg,Highway
2757.jpg,Residential
4009.jpg,Residential
4124.jpg,SeaLake
6278.jpg,Forest
2898.jpg,Highway
8834.jpg,Highway
571.jpg,HerbaceousVegetation
474.jpg,Pasture
5806.jpg,Forest
7991.jpg,AnnualCrop
584.jpg,HerbaceousVegetation
1792.jpg,Pasture
6777.jpg,Residential
8026.jpg,Industrial
7397.jpg,HerbaceousVegetation
4148.jpg,Industrial
3295.jpg,SeaLake
5123.jpg,Pasture
8320.jpg,Industrial
8335.jpg,Residential
3009.jpg,PermanentCrop
5202.jpg,Residential
7149.jpg,SeaLake
6147.jpg,Industrial
6724.jpg,Highway
2765.jpg,HerbaceousVegetation
5282.jpg,Highway
9666.jpg,Industrial
2524.jpg,Highway
466.jpg,Highway
6545.jpg,AnnualCrop
5017.jpg,HerbaceousVegetation
7710.jpg,Forest
6159.jpg,Highway
9566.jpg,AnnualCrop
6398.jpg,AnnualCrop
7399.jpg,SeaLake
946.jpg,AnnualCrop
6484.jpg,Forest
7328.jpg,Residential
1551.jpg,PermanentCrop
9722.jpg,Highway
4470.jpg,SeaLake
8045.jpg,Forest
4830.jpg,Highway
9060.jpg,HerbaceousVegetation
339.jpg,Pasture
3859.jpg,Pasture
4779.jpg,Forest
2497.jpg,HerbaceousVegetation
2611.jpg,HerbaceousVegetation
9946.jpg,PermanentCrop
7865.jpg,Highway
7262.jpg,AnnualCrop
7730.jpg,AnnualCrop
9828.jpg,Forest
92.jpg,Industrial
6811.jpg,HerbaceousVegetation
7964.jpg,HerbaceousVegetation
5795.jpg,Pasture
8749.jpg,HerbaceousVegetation
350.jpg,HerbaceousVegetation
7535.jpg,River
5361.jpg,Pasture
7279.jpg,Pasture
9948.jpg,Industrial
9921.jpg,Forest
9613.jpg,Forest
9155.jpg,Forest
5233.jpg,PermanentCrop
2952.jpg,Pasture
7660.jpg,Industrial
9381.jpg,PermanentCrop
6375.jpg,HerbaceousVegetation
4053.jpg,Industrial
171.jpg,Forest
2241.jpg,SeaLake
2297.jpg,River
3651.jpg,PermanentCrop
8470.jpg,Forest
6004.jpg,Highway
7960.jpg,SeaLake
2357.jpg,HerbaceousVegetation
1600.jpg,SeaLake
9107.jpg,River
773.jpg,Forest
5050.jpg,PermanentCrop
5229.jpg,HerbaceousVegetation
6849.jpg,Industrial
4039.jpg,Forest
8945.jpg,River
6686.jpg,PermanentCrop
1042.jpg,AnnualCrop
9250.jpg,HerbaceousVegetation
409.jpg,HerbaceousVegetation
490.jpg,Industrial
5843.jpg,Highway
1056.jpg,PermanentCrop
8539.jpg,AnnualCrop
7329.jpg,River
1981.jpg,PermanentCrop
7231.jpg,AnnualCrop
1285.jpg,River
2049.jpg,AnnualCrop
6183.jpg,Residential
5001.jpg,AnnualCrop
9207.jpg,Residential
4928.jpg,PermanentCrop
597.jpg,Pasture
7316.jpg,Pasture
6350.jpg,Highway
4151.jpg,Highway
7272.jpg,Pasture
805.jpg,Residential
9441.jpg,Forest
8408.jpg,Forest
45.jpg,Residential
1111.jpg,Residential
5499.jpg,River
1818.jpg,PermanentCrop
4024.jpg,AnnualCrop
494.jpg,Pasture
9299.jpg,PermanentCrop
4045.jpg,Industrial
7520.jpg,HerbaceousVegetation
8315.jpg,PermanentCrop
426.jpg,SeaLake
4019.jpg,PermanentCrop
8928.jpg,AnnualCrop
4292.jpg,Forest
4896.jpg,Highway
9460.jpg,PermanentCrop
8079.jpg,AnnualCrop
1893.jpg,AnnualCrop
2205.jpg,Residential
8489.jpg,Residential
9842.jpg,Forest
6684.jpg,HerbaceousVegetation
8878.jpg,River
6977.jpg,Highway
2183.jpg,Residential
4654.jpg,Pasture
8953.jpg,HerbaceousVegetation
8010.jpg,Industrial
1276.jpg,PermanentCrop
4666.jpg,HerbaceousVegetation
9863.jpg,Forest
5864.jpg,AnnualCrop
3209.jpg,PermanentCrop
4424.jpg,HerbaceousVegetation
741.jpg,AnnualCrop
6981.jpg,HerbaceousVegetation
1436.jpg,River
1733.jpg,HerbaceousVegetation
3913.jpg,HerbaceousVegetation
8418.jpg,Residential
4932.jpg,AnnualCrop
2260.jpg,Residential
8687.jpg,River
989.jpg,Highway
8288.jpg,Pasture
252.jpg,Highway
8852.jpg,HerbaceousVegetation
3706.jpg,Residential
467.jpg,AnnualCrop
1719.jpg,Forest
9042.jpg,Industrial
9651.jpg,AnnualCrop
2882.jpg,AnnualCrop
3699.jpg,Highway
909.jpg,Residential
9573.jpg,Pasture
7528.jpg,SeaLake
454.jpg,AnnualCrop
9263.jpg,PermanentCrop
3764.jpg,River
497.jpg,Forest
908.jpg,PermanentCrop
5611.jpg,River
8069.jpg,Highway
7686.jpg,Forest
9416.jpg,Forest
6566.jpg,PermanentCrop
7213.jpg,PermanentCrop
9800.jpg,River
8332.jpg,HerbaceousVegetation
2148.jpg,Highway
9701.jpg,PermanentCrop
719.jpg,Residential
697.jpg,Residential
8339.jpg,Industrial
9838.jpg,PermanentCrop
1635.jpg,SeaLake
5979.jpg,PermanentCrop
89.jpg,Industrial
6315.jpg,River
4475.jpg,HerbaceousVegetation
4785.jpg,Industrial
3949.jpg,Pasture
8482.jpg,PermanentCrop
145.jpg,Industrial
2029.jpg,AnnualCrop
3181.jpg,Forest
4998.jpg,Residential
3490.jpg,Pasture
9601.jpg,HerbaceousVegetation
698.jpg,AnnualCrop
2990.jpg,SeaLake
1160.jpg,Highway
6673.jpg,Industrial
5488.jpg,Forest
3839.jpg,SeaLake
2953.jpg,PermanentCrop
546.jpg,Pasture
7056.jpg,Industrial
2455.jpg,PermanentCrop
4007.jpg,Pasture
4389.jpg,Residential
807.jpg,River
5220.jpg,Highway
3329.jpg,Highway
3545.jpg,AnnualCrop
3184.jpg,PermanentCrop
8805.jpg,SeaLake
7778.jpg,Pasture
4504.jpg,Highway
7194.jpg,Industrial
6385.jpg,Industrial
1443.jpg,Industrial
6021.jpg,Highway
6966.jpg,Highway
4178.jpg,AnnualCrop
9934.jpg,PermanentCrop
981.jpg,AnnualCrop
6633.jpg,HerbaceousVegetation
5327.jpg,Pasture
5137.jpg,Residential
9133.jpg,SeaLake
4820.jpg,River
6576.jpg,HerbaceousVegetation
2654.jpg,River
4940.jpg,Highway
8363.jpg,Pasture
362.jpg,PermanentCrop
6707.jpg,HerbaceousVegetation
6992.jpg,SeaLake
8083.jpg,Forest
962.jpg,SeaLake
4567.jpg,River
5494.jpg,SeaLake
2296.jpg,Residential
116.jpg,PermanentCrop
3322.jpg,Pasture
1789.jpg,AnnualCrop
9983.jpg,Pasture
3650.jpg,River
224.jpg,Pasture
3917.jpg,Residential
5880.jpg,Highway
3267.jpg,PermanentCrop
6953.jpg,Pasture
8820.jpg,SeaLake
8848.jpg,PermanentCrop
8929.jpg,Highway
9971.jpg,HerbaceousVegetation
6908.jpg,SeaLake
6270.jpg,River
5245.jpg,HerbaceousVegetation
9796.jpg,Highway
4909.jpg,HerbaceousVegetation
261.jpg,HerbaceousVegetation
4134.jpg,HerbaceousVegetation
3871.jpg,Pasture
5146.jpg,Residential
1151.jpg,Pasture
3465.jpg,AnnualCrop
2618.jpg,SeaLake
4433.jpg,Highway
9244.jpg,SeaLake
3602.jpg,Forest
9631.jpg,Forest
2072.jpg,PermanentCrop
4430.jpg,Highway
3781.jpg,Highway
7934.jpg,Industrial
5164.jpg,Pasture
730.jpg,PermanentCrop
577.jpg,AnnualCrop
2043.jpg,SeaLake
5866.jpg,Pasture
4751.jpg,HerbaceousVegetation
190.jpg,Forest
9824.jpg,HerbaceousVegetation
3036.jpg,PermanentCrop
7585.jpg,Industrial
1540.jpg,River
4453.jpg,HerbaceousVegetation
6189.jpg,Pasture
8265.jpg,HerbaceousVegetation
543.jpg,Highway
9074.jpg,PermanentCrop
3156.jpg,Highway
9582.jpg,Residential
8453.jpg,AnnualCrop
9136.jpg,Forest
9033.jpg,River
3916.jpg,Pasture
3494.jpg,SeaLake
7449.jpg,AnnualCrop
6803.jpg,AnnualCrop
2265.jpg,HerbaceousVegetation
3816.jpg,AnnualCrop
2028.jpg,SeaLake
6102.jpg,Residential
6763.jpg,PermanentCrop
9273.jpg,Highway
561.jpg,Residential
592.jpg,Highway
8948.jpg,River
3081.jpg,Highway
1271.jpg,PermanentCrop
4674.jpg,Industrial
3554.jpg,SeaLake
1369.jpg,HerbaceousVegetation
6793.jpg,Industrial
520.jpg,AnnualCrop
5988.jpg,HerbaceousVegetation
1504.jpg,AnnualCrop
2251.jpg,SeaLake
7505.jpg,HerbaceousVegetation
3078.jpg,PermanentCrop
8763.jpg,SeaLake
4158.jpg,River
8610.jpg,Highway
6290.jpg,Pasture
8226.jpg,Industrial
4867.jpg,PermanentCrop
3466.jpg,SeaLake
6292.jpg,HerbaceousVegetation
9086.jpg,Industrial
5182.jpg,River
1066.jpg,Pasture
2585.jpg,HerbaceousVegetation
4323.jpg,Pasture
8506.jpg,Highway
8564.jpg,Residential
4502.jpg,HerbaceousVegetation
7881.jpg,HerbaceousVegetation
8714.jpg,River
9342.jpg,AnnualCrop
9663.jpg,HerbaceousVegetation
7752.jpg,Industrial
6750.jpg,PermanentCrop
8938.jpg,HerbaceousVegetation
2793.jpg,Residential
2900.jpg,Pasture
3243.jpg,Highway
8713.jpg,Pasture
8742.jpg,Pasture
8105.jpg,Highway
9361.jpg,River
4962.jpg,Industrial
2737.jpg,River
1993.jpg,Highway
6657.jpg,AnnualCrop
3933.jpg,HerbaceousVegetation
8608.jpg,Forest
9258.jpg,HerbaceousVegetation
9388.jpg,Residential
1697.jpg,HerbaceousVegetation
2670.jpg,PermanentCrop
2792.jpg,Industrial
7087.jpg,HerbaceousVegetation
2931.jpg,Highway
5068.jpg,Pasture
2925.jpg,PermanentCrop
8937.jpg,PermanentCrop
2895.jpg,Pasture
1307.jpg,Forest
6900.jpg,Industrial
3252.jpg,AnnualCrop
5140.jpg,HerbaceousVegetation
3232.jpg,Highway
3644.jpg,Residential
3642.jpg,HerbaceousVegetation
451.jpg,SeaLake
4943.jpg,PermanentCrop
739.jpg,Residential
1595.jpg,AnnualCrop
4624.jpg,Highway
479.jpg,HerbaceousVegetation
9527.jpg,Highway
5482.jpg,HerbaceousVegetation
9661.jpg,River
7265.jpg,PermanentCrop
238.jpg,PermanentCrop
4301.jpg,Industrial
2055.jpg,AnnualCrop
7237.jpg,Residential
3123.jpg,Highway
153.jpg,SeaLake
9043.jpg,AnnualCrop
1304.jpg,Forest
1999.jpg,Forest
6593.jpg,Forest
3574.jpg,Forest
125.jpg,PermanentCrop
7884.jpg,SeaLake
6713.jpg,AnnualCrop
1372.jpg,Highway
4686.jpg,SeaLake
2975.jpg,SeaLake
4915.jpg,River
9004.jpg,HerbaceousVegetation
3907.jpg,SeaLake
5888.jpg,HerbaceousVegetation
5247.jpg,Pasture
2708.jpg,River
9913.jpg,Pasture
1581.jpg,SeaLake
7412.jpg,AnnualCrop
9604.jpg,Pasture
7822.jpg,Pasture
395.jpg,Industrial
5516.jpg,Residential
1864.jpg,River
7303.jpg,Forest
1503.jpg,Forest
776.jpg,PermanentCrop
5416.jpg,Pasture
6186.jpg,PermanentCrop
23.jpg,Highway
3222.jpg,Pasture
8673.jpg,Industrial
8602.jpg,AnnualCrop
6138.jpg,HerbaceousVegetation
7887.jpg,Residential
7859.jpg,River
9308.jpg,Residential
6628.jpg,SeaLake
3402.jpg,Highway
3151.jpg,HerbaceousVegetation
8790.jpg,AnnualCrop
611.jpg,River
2815.jpg,Industrial
3376.jpg,River
9122.jpg,HerbaceousVegetation
3934.jpg,SeaLake
7043.jpg,River
5192.jpg,Highway
5111.jpg,Forest
6622.jpg,River
1830.jpg,HerbaceousVegetation
4696.jpg,AnnualCrop
9333.jpg,River
3007.jpg,PermanentCrop
1611.jpg,Forest
5742.jpg,Forest
1447.jpg,River
1564.jpg,Residential
4899.jpg,SeaLake
9670.jpg,SeaLake
9156.jpg,PermanentCrop
5875.jpg,Highway
6879.jpg,PermanentCrop
836.jpg,River
2508.jpg,Industrial
5903.jpg,SeaLake
4154.jpg,HerbaceousVegetation
7615.jpg,AnnualCrop
8759.jpg,River
6610.jpg,Pasture
9431.jpg,Pasture
3279.jpg,SeaLake
5910.jpg,Forest
2875.jpg,Pasture
1034.jpg,HerbaceousVegetation
4995.jpg,HerbaceousVegetation
5478.jpg,Industrial
5919.jpg,SeaLake
3894.jpg,SeaLake
6873.jpg,River
3526.jpg,SeaLake
8243.jpg,River
2222.jpg,Forest
6599.jpg,HerbaceousVegetation
4496.jpg,Highway
2332.jpg,HerbaceousVegetation
5693.jpg,Pasture
3258.jpg,HerbaceousVegetation
305.jpg,Industrial
5511.jpg,PermanentCrop
218.jpg,River
6567.jpg,HerbaceousVegetation
2906.jpg,Industrial
7296.jpg,AnnualCrop
6607.jpg,Highway
2392.jpg,River
4417.jpg,Pasture
3772.jpg,PermanentCrop
647.jpg,Pasture
1574.jpg,HerbaceousVegetation
6831.jpg,PermanentCrop
5016.jpg,River
9364.jpg,PermanentCrop
6039.jpg,SeaLake
2275.jpg,Residential
6166.jpg,AnnualCrop
3213.jpg,PermanentCrop
7224.jpg,AnnualCrop
3546.jpg,HerbaceousVegetation
2483.jpg,HerbaceousVegetation
6621.jpg,River
9859.jpg,Forest
6217.jpg,PermanentCrop
3661.jpg,Highway
516.jpg,Forest
7163.jpg,HerbaceousVegetation
1625.jpg,PermanentCrop
1417.jpg,SeaLake
9121.jpg,Residential
1422.jpg,Industrial
2937.jpg,Forest
8560.jpg,River
8109.jpg,PermanentCrop
2171.jpg,SeaLake
6345.jpg,River
7154.jpg,PermanentCrop
6918.jpg,PermanentCrop
2449.jpg,AnnualCrop
815.jpg,SeaLake
9882.jpg,Highway
7816.jpg,Residential
3052.jpg,HerbaceousVegetation
4731.jpg,PermanentCrop
9290.jpg,Forest
8158.jpg,Industrial
176.jpg,HerbaceousVegetation
5380.jpg,Highway
751.jpg,Pasture
1996.jpg,SeaLake
400.jpg,HerbaceousVegetation
3885.jpg,River
8041.jpg,River
379.jpg,HerbaceousVegetation
1115.jpg,PermanentCrop
938.jpg,Forest
7674.jpg,HerbaceousVegetation
3634.jpg,HerbaceousVegetation
7011.jpg,Pasture
262.jpg,PermanentCrop
4423.jpg,Industrial
513.jpg,SeaLake
2179.jpg,Highway
9231.jpg,HerbaceousVegetation
8463.jpg,Pasture
170.jpg,HerbaceousVegetation
8212.jpg,River
863.jpg,SeaLake
660.jpg,Industrial
2896.jpg,Pasture
2458.jpg,PermanentCrop
1264.jpg,HerbaceousVegetation
8174.jpg,Highway
1364.jpg,PermanentCrop
5185.jpg,HerbaceousVegetation
511.jpg,HerbaceousVegetation
2062.jpg,HerbaceousVegetation
2348.jpg,Highway
9287.jpg,HerbaceousVegetation
68.jpg,SeaLake
7211.jpg,Industrial
9929.jpg,River
2340.jpg,HerbaceousVegetation
8121.jpg,AnnualCrop
9350.jpg,River
764.jpg,SeaLake
631.jpg,SeaLake
1597.jpg,SeaLake
6241.jpg,SeaLake
9675.jpg,Pasture
239.jpg,HerbaceousVegetation
9327.jpg,River
6252.jpg,River
7995.jpg,Residential
3283.jpg,Industrial
8793.jpg,Industrial
5667.jpg,River
1936.jpg,AnnualCrop
7770.jpg,SeaLake
7836.jpg,Residential
5909.jpg,AnnualCrop
9038.jpg,Forest
925.jpg,Industrial
1502.jpg,Industrial
4258.jpg,River
8135.jpg,Residential
4173.jpg,River
7408.jpg,River
6734.jpg,SeaLake
2873.jpg,River
9580.jpg,Residential
7209.jpg,HerbaceousVegetation
7933.jpg,SeaLake
7530.jpg,Highway
2909.jpg,Pasture
4011.jpg,River
4982.jpg,Highway
7553.jpg,Residential
5634.jpg,Highway
1910.jpg,PermanentCrop
6728.jpg,River
399.jpg,Pasture
7873.jpg,SeaLake
2678.jpg,Highway
6443.jpg,Highway
9066.jpg,Pasture
6240.jpg,HerbaceousVegetation
4435.jpg,SeaLake
1380.jpg,Pasture
5527.jpg,Residential
168.jpg,HerbaceousVegetation
5328.jpg,Highway
7448.jpg,PermanentCrop
4445.jpg,HerbaceousVegetation
3377.jpg,HerbaceousVegetation
9860.jpg,Industrial
2086.jpg,Industrial
2718.jpg,River
2755.jpg,AnnualCrop
393.jpg,River
8676.jpg,HerbaceousVegetation
9632.jpg,Industrial
6753.jpg,HerbaceousVegetation
5905.jpg,Highway
7890.jpg,PermanentCrop
9306.jpg,Forest
2699.jpg,Residential
7215.jpg,Pasture
6504.jpg,PermanentCrop
5252.jpg,SeaLake
7806.jpg,Pasture
7524.jpg,HerbaceousVegetation